{
    "weight": [
        -0.03914839850205495,
        1.149281815000846,
        -1.1499821391157823,
        1.1996213235549225,
        0.007154342389428081,
        -1.207475990059137
    ],
    "bias": [
        1.2122577308090265
    ]
}